{
  "tower": {
    "damage_mul": 0.7314181593105665,
    "rate_mul": 0.8392340048851846,
    "range_mul": 1.0,
    "cost_mul": 1.0018104409175996
  },
  "enemy": {
    "hp_mul": 0.6400103054199708,
    "armor_add": -5,
    "speed_mul": 1.0016497329956353,
    "regen_mul": 0.9498549719583851,
    "shield_mul": 0.9385587595139491
  },
  "meta": {
    "target": "humain_solide",
    "episodes": 5,
    "mean_waves": 1.0,
    "samples": [
      1,
      1,
      1,
      1,
      1
    ]
  }
}